Date,Open,High,Low,Close,Volume
2022-12-15,62.69267921447754,62.69267921447754,59.707313537597656,59.707313537597656,1318200.0
2022-12-16,59.70731040252585,59.70731040252585,54.731701202315364,56.46321487426758,2307500.0
2022-12-19,52.741454267923814,58.7022353922567,52.741454267923814,56.22438049316406,117200.0
2022-12-20,57.71706294577316,57.71706294577316,56.48311027458467,56.93091583251953,22200.0
2022-12-21,58.712185908631305,65.95667136193109,55.22925962591589,56.68213653564453,290700.0
2022-12-22,58.144968438380864,60.72133953735272,56.72194392739254,57.31901550292969,3253200.0
2022-12-23,57.80662734247491,60.350158500786286,56.72194439431895,57.219505310058594,125800.0
2022-12-27,57.69715972184585,58.702234834532675,57.09511150701921,57.16974639892578,26500.0
2022-12-28,57.64740800128177,57.717066225798234,56.72194439431895,57.219505310058594,514800.0
2022-12-29,58.21462479953108,58.49325768638739,57.46828345594734,57.717063903808594,374800.0
2022-12-30,58.453455480000244,58.712185474524354,57.448380348609916,58.095211029052734,351100.0
2023-01-03,60.38399645247773,60.38399645247773,55.597458805798716,55.72682571411133,1794100.0
2023-01-04,53.86594089259981,60.41383997312119,53.239013132988894,60.194915771484375,33338500.0
2023-01-05,60.34417617319732,62.67276098313016,57.856372051307005,58.71217727661133,8850600.0
2023-01-06,59.38887211685377,59.647602126725985,57.58770020767086,58.66243362426758,5902600.0
2023-01-09,58.5032182767193,59.68741198862932,57.448387680537294,57.81658172607422,5288900.0
2023-01-10,58.861461447583864,59.76702221772721,57.7718017607743,59.707313537597656,6663000.0
2023-01-11,60.14516950355928,66.05619254081732,59.781952116337926,64.6729736328125,9219400.0
2023-01-12,65.76758314520094,66.19548573848489,63.349441140577056,65.3297348022461,5819800.0
2023-01-13,64.68290971386041,65.18047055781318,63.429058057378136,65.12076568603516,3772100.0
2023-01-17,63.62808971269092,65.40936253106875,62.951406551107176,63.02106857299805,3774600.0
2023-01-18,62.891695952133915,63.190231720730736,61.68759953434338,61.77716064453125,2610300.0
2023-01-19,61.03081773958835,64.1853518127598,61.00096150624247,63.628082275390625,2585600.0
2023-01-20,63.64799256493197,67.48916351028822,63.230043210382874,66.44428253173828,4001600.0
2023-01-23,67.02146478058899,69.568982248029,66.45225639695526,69.18087768554688,3724100.0
2023-01-24,68.6932560413158,70.2854493890213,68.3748173717747,69.2604751586914,2591000.0
2023-01-25,68.12605165170343,69.36000081391319,66.62341529612758,68.37483215332031,2802100.0
2023-01-26,68.1758038360638,69.11121326406524,67.46926819458855,68.88233947753906,2075900.0
2023-01-27,68.52408650294505,70.1660389613701,68.02652561203908,69.7381362915039,2810600.0
2023-01-30,68.07629162689241,73.58926017489284,67.58867643809376,71.15121459960938,4259900.0
2023-01-31,70.66361492304438,70.7680984807994,68.165856592178,69.18087768554688,3084300.0
2023-02-01,68.66339724799106,70.39490687887024,67.20056713535091,69.66847229003906,2698700.0
2023-02-02,69.25052458305632,71.53930783149193,68.66340634694339,70.30535888671875,2776000.0
2023-02-03,69.29031577320747,70.2854373947268,68.7629025285503,70.2058334350586,3074900.0
2023-02-06,69.56896093343758,71.99705269230894,69.20076317526494,71.50944519042969,2227400.0
2023-02-07,71.23083469790193,71.8478054799106,70.75317279656706,71.28058624267578,1932300.0
2023-02-08,70.86263312197565,71.07160782033625,69.67843557242094,69.82770538330078,1111900.0
2023-02-09,69.90730679264777,70.6337490507662,67.87725739963635,68.07628631591797,1186000.0
2023-02-10,67.86730927081709,69.20077653975086,67.8573635183714,68.90223693847656,1968100.0
2023-02-13,68.18573655961532,69.52915694837718,67.57871929837091,69.09130096435547,2223200.0
2023-02-14,68.61364871431734,72.81306414792014,68.37879989631698,72.25579833984375,3036000.0
2023-02-15,72.34535241622108,73.18125868300584,71.37013729584523,71.96720886230469,1773000.0
2023-02-16,71.2507234622947,71.46965148564308,69.99686779632138,70.56409454345703,1829400.0
2023-02-17,70.62379212303722,73.12154985233832,70.54418056056453,72.81305694580078,2408600.0
2023-02-21,72.26574775454849,72.74340196630395,71.897549955847,72.1164779663086,1835500.0
2023-02-22,71.91744231512077,72.64388450068509,70.49740928996721,71.58905792236328,2010200.0
2023-02-23,72.0866264526401,75.83823234133753,71.93038704408363,75.52974700927734,3763200.0
2023-02-24,74.47491988025622,75.40038355751075,73.85794915687163,74.64409637451172,2102900.0
2023-02-27,74.63413220905785,76.60447663993466,74.20622954737219,75.66905975341797,2139600.0
2023-02-28,75.66905535201123,75.96758730817696,74.93266741619108,75.6292495727539,3511800.0
2023-03-01,75.00232881187145,75.37051899930437,74.64408437554248,74.93267059326172,2534300.0
2023-03-02,74.4251545060015,75.1018375807082,74.13656829553493,74.67393493652344,1391900.0
2023-03-03,75.16153800780091,76.52485741958729,74.7535420738146,75.99744415283203,2082700.0
2023-03-06,75.53969073459855,76.78359284055222,75.33070849968351,76.3059310913086,1874100.0
2023-03-07,75.9875005033142,76.46018183520063,75.55959782986214,75.87803649902344,1709400.0
2023-03-08,75.87803626366942,77.02242783722896,75.73075562747508,76.25617980957031,1641300.0
2023-03-09,76.624378763193,77.02242900247612,75.52974629929703,76.00740051269531,1683800.0
2023-03-10,75.50985085001592,76.15668163609885,74.13658529188717,74.60429382324219,3388600.0
2023-03-13,74.5843871704444,77.10205208322424,73.67883014321141,75.86809539794922,2272100.0
2023-03-14,76.31589299169612,78.37579480645672,75.97754763300466,76.7636947631836,1992300.0
2023-03-15,75.55960608385777,76.43531062166753,75.22126069031424,76.38555908203125,2326200.0
2023-03-16,75.58945464472995,77.0721840720816,75.38047996776177,76.2462387084961,1624600.0
2023-03-17,76.48506019994996,77.16174331033689,75.06203575864406,75.47003173828125,5803300.0
2023-03-20,75.12173899035888,75.44017764755637,74.1465239242688,74.8331527709961,1714100.0
2023-03-21,75.28096973271336,76.3059440270292,75.13169993625887,76.14672088623047,1401600.0
2023-03-22,76.48505897270408,76.67413453633291,74.34554567329741,74.4052505493164,1549800.0
2023-03-23,75.0421433503416,76.33579721723288,74.50477663313669,75.3406753540039,1393700.0
2023-03-24,74.89287010066228,76.11686568440153,74.5246722950537,76.0870132446289,1154800.0
2023-03-27,76.44525653512443,77.08213388110669,75.8929636312611,76.00740051269531,1196600.0
2023-03-28,76.00740421226365,76.56467761125536,75.77853043825506,76.52487182617188,760800.0
2023-03-29,76.98262821367085,79.08233595973797,76.68408861679617,78.85345458984375,1786000.0
2023-03-30,79.39081554658765,81.88757880131253,79.11218265888952,81.73930358886719,2188900.0
2023-03-31,81.84877268868313,82.18711047561314,81.18204286701943,81.62984466552734,1916200.0
2023-04-03,81.59998713046723,82.21696537610073,81.07257379425029,81.4109115600586,1913100.0
2023-04-04,81.59997434114531,81.75919744751866,81.07256108759088,81.19197082519531,1552700.0
2023-04-05,81.1024248532409,81.40096442331368,80.25657286093691,80.72428131103516,1410600.0
2023-04-06,80.57501289868578,80.66457021592733,79.69930086071444,79.76896667480469,1356700.0
2023-04-10,79.54008483480732,80.2366670496792,79.31120348296271,80.19686126708984,1579200.0
2023-04-11,80.19686126708984,80.29139905171746,79.56993727370515,80.19686126708984,1167000.0
2023-04-12,80.60984303358948,81.50048134435646,80.2137895162468,81.35121154785156,1232000.0
2023-04-13,81.25170744327563,82.7662785932479,80.98302026943061,82.53541564941406,1252800.0
2023-04-14,82.04778176197131,82.87373460147428,81.58008093678609,81.96817779541016,1163600.0
2023-04-17,81.76914731962623,82.83392722260429,81.59997845470822,82.31646728515625,861000.0
2023-04-18,82.38613340462008,83.7494529818208,82.38613340462008,83.25189208984375,1522000.0
2023-04-19,83.38126516712995,86.45618820329109,83.34145937994687,85.33170318603516,2422900.0
2023-04-20,84.95355548551032,85.89891821078902,84.26691897613654,84.58535766601562,1634900.0
2023-04-21,84.78437371405013,86.092961301146,84.67490970946236,86.05813598632812,1850600.0
2023-04-24,86.17752773793322,87.40153062797451,85.75957849437772,87.36172485351562,2692800.0
2023-04-25,83.09267821075655,83.09267821075655,78.39570165283723,79.99784851074219,7291400.0
2023-04-26,79.34105962314763,79.87841868130997,77.18163967858939,79.72915649414062,3489500.0
2023-04-27,80.42573989127243,81.14222876922743,80.22671857725226,81.12232208251953,1557000.0
2023-04-28,80.80388272067938,81.33130362337236,80.61481475166063,80.94319915771484,1617600.0
2023-05-01,80.6844877966168,81.33031640120163,80.33121617138978,80.38594818115234,1355800.0
2023-05-02,79.94807368121607,80.25656657069305,77.5100285546887,78.0772476196289,1879100.0
2023-05-03,78.08719541035903,80.02767954924313,77.63938612218733,79.3211441040039,1748900.0
2023-05-04,79.23159336831148,79.86847065602005,77.31100816226576,77.87822723388672,1751400.0
2023-05-05,78.1170525327147,79.14202665693082,78.1170525327147,78.60466003417969,1077400.0
2023-05-08,78.49519563588225,79.10222046999479,78.22651612198165,79.03256225585938,842300.0
2023-05-09,78.16680968232545,78.40563675568758,75.74866373702855,75.99744415283203,2499700.0
2023-05-10,76.12681857772608,76.38555237451874,74.60428342091987,75.52974700927734,1792900.0
2023-05-11,75.34067258472255,75.34067258472255,74.34555075807107,74.62418365478516,1504800.0
2023-05-12,74.52466721558238,74.64408455871055,73.90768899768484,74.55451965332031,2577800.0
2023-05-15,74.73364489532669,75.19140000757214,74.3355946609725,74.5644760131836,1187900.0
2023-05-16,74.90282322656735,77.88818897256677,74.8530716861073,77.40058135986328,2668900.0
2023-05-17,77.54983073826226,80.21675707254934,75.83424197992848,79.90827178955078,3716300.0
2023-05-18,80.02768119526164,80.73421665503297,78.83353825326023,79.3012466430664,1483500.0
2023-05-19,79.6992984767155,80.69342566611459,78.7340367425527,78.95295715332031,1312900.0
2023-05-22,78.9927801940614,79.06146981250562,78.35566195735065,78.7239990234375,1357700.0
2023-05-23,78.60453483318118,79.413878371979,76.71308678536306,76.8425064086914,1382400.0
2023-05-24,76.62349218813743,76.79272504722015,75.7374994611186,76.18547058105469,1431900.0
2023-05-25,76.18547739315856,79.69958488679087,75.26962085559265,79.50048828125,3127800.0
2023-05-26,79.41088341989047,79.83894792461425,78.01719209757873,78.07691955566406,2243100.0
2023-05-30,77.89773469807767,78.69413630170045,77.06151984981747,77.60903930664062,1775800.0
2023-05-31,78.18642702425768,79.37107227456484,77.3930103058309,79.15206146240234,4501500.0
2023-06-01,79.37107852542681,79.73940801575486,78.53485604904506,79.47062683105469,2355500.0
2023-06-02,79.93851687358352,80.5059506032345,79.5403160328523,79.61000061035156,2404500.0
2023-06-05,79.55027179482003,80.36060278300492,78.42535386918324,80.12765502929688,1416700.0
2023-06-06,77.64886440883325,82.80554570799106,77.4497677945225,82.55667114257812,23800600.0
2023-06-07,81.12316183568458,81.88969985073574,79.82901848314299,80.11771392822266,3883900.0
2023-06-08,77.00177787167509,78.0470539330972,76.40448052016869,77.39997863769531,15048600.0
2023-06-09,77.74840496168122,78.14660574563678,76.71308596141603,76.7529067993164,4894700.0
2023-06-12,76.9022358649791,77.95746152539695,76.55381301437401,77.91764068603516,5545200.0
2023-06-13,77.9475025944667,78.09582627898739,76.35469959262637,77.4397964477539,4122300.0
2023-06-14,77.82806025551325,78.44527195839393,77.131214457946,78.17648315429688,3322600.0
2023-06-15,78.30589766841238,78.81359631835517,77.87285075575063,78.74391174316406,3277900.0
2023-06-16,79.14212397683418,79.73942150670592,78.13666845126917,78.29595184326172,5390600.0
2023-06-20,78.00725266316493,78.8036543949629,77.39999805155517,78.5448226928711,3151100.0
2023-06-21,78.43530086724115,79.63985272835168,77.93755178768896,79.26156616210938,2805700.0
2023-06-22,79.58013390977729,80.38648507578745,79.22175392598409,79.84891510009766,2229200.0
2023-06-23,79.50049131282779,79.9882833315379,78.65431931443914,79.4606704711914,7973000.0
2023-06-26,79.6597835293828,79.93852947838218,77.39004825288447,77.44978332519531,2500700.0
2023-06-27,77.59908874032023,77.99728957570385,75.84900711960582,76.72305297851562,3250400.0
2023-06-28,77.15110841192364,77.24069960187559,75.99632688555424,76.8425064086914,2920500.0
2023-06-29,76.92214193860596,78.34570465668266,76.8026870164209,78.32579803466797,1908200.0
2023-06-30,79.06246124895519,81.04350803585895,78.95694324512726,80.874267578125,3429500.0
2023-07-03,81.04351932138617,81.09328967878717,79.54031477897088,80.3267593383789,1086900.0
2023-07-05,80.0081956092808,80.9240521595568,79.57514871389422,80.28693389892578,2655900.0
2023-07-06,79.6398601907715,79.90864137709383,78.64436193838685,78.76382446289062,2595900.0
2023-07-07,78.62444794788642,79.74736823082576,77.94750889589349,79.26156616210938,2892600.0
2023-07-10,79.7692622418503,80.41633754389302,79.63985021946095,80.29688262939453,2263000.0
2023-07-11,80.13760714928516,81.07835266854003,79.8489117524968,80.8941879272461,1793100.0
2023-07-12,80.92405715934656,82.28789255514232,80.92405715934656,81.32225799560547,2124800.0
2023-07-13,81.36207030222279,81.6308514713437,80.53580498281097,81.03355407714844,1476300.0
2023-07-14,81.1331086444621,81.79014114536594,80.86432745457809,81.45166778564453,1791900.0
2023-07-17,81.37202048886945,81.98923210517157,80.7149956283336,80.82450103759766,2343200.0
2023-07-18,80.74287153107409,82.52182181155281,80.38648146613149,82.09873962402344,2842800.0
2023-07-19,82.40734286516597,82.56662622875098,81.29238970026613,81.3819808959961,2781700.0
2023-07-20,81.90978343331709,82.80107803765891,81.46164783968582,81.51143646240234,3113900.0
2023-07-21,81.74048757669628,82.79610058031075,81.68073059309644,82.2882080078125,7717700.0
2023-07-24,82.13885539874167,82.33802513374718,79.93798955838734,80.29650115966797,4335700.0
2023-07-25,80.50561863570243,82.00937496456669,78.25497212248831,79.87822723388672,4729500.0
2023-07-26,79.92802993137934,79.97582792869643,76.97031325873758,77.10973358154297,4148600.0
2023-07-27,77.67735999525124,78.54376405349623,75.9345987133065,76.54207611083984,3224700.0
2023-07-28,76.92050600770332,77.99604057051485,76.5719552506357,77.54790496826172,2910100.0
2023-07-31,77.3985351472884,77.7072504915697,75.95452808986123,77.67737579345703,3916200.0
2023-08-01,77.51801817454005,77.71221886845245,76.78108124556329,77.36864471435547,2126700.0
2023-08-02,77.00018486953944,77.45828128293847,75.83502610516554,76.27320098876953,3073000.0
2023-08-03,76.32298934419379,76.37278556570843,75.36696115423872,75.70555114746094,2053300.0
2023-08-04,75.66571521831573,76.47733883802508,75.31317563456957,75.58604431152344,1449600.0
2023-08-07,75.7852133913731,75.97442989407449,74.85906000116303,75.2773208618164,1668300.0
2023-08-08,74.97858183610772,75.15783761307722,73.01672905422977,73.62420654296875,2574900.0
2023-08-09,73.49473615584752,74.57026306124875,73.11630312813271,73.6142349243164,3028400.0
2023-08-10,73.94289282357865,74.27152972627577,71.82170550204327,72.00096130371094,3681600.0
2023-08-11,71.84159701880147,71.84159701880147,70.56689287041192,71.29386901855469,2898300.0
2023-08-14,71.20425907212541,71.57273139974814,70.55694610644767,71.50302124023438,2601100.0
2023-08-15,71.45322420869368,71.45322420869368,69.8996791868231,70.24822998046875,2476300.0
2023-08-16,70.91546054194902,71.98103450787748,70.12872722537186,70.37769317626953,3697400.0
2023-08-17,70.40755937654195,70.50715182315051,67.95773562714285,68.10711669921875,3791900.0
2023-08-18,67.91789815864453,68.46562620743872,67.61415944028352,68.07723999023438,2929200.0
2023-08-21,69.04323445220058,69.21252946337825,68.31625058385336,68.68472290039062,2807800.0
2023-08-22,68.86397342241006,69.11293933673704,68.3859555238541,68.64488220214844,2168400.0
2023-08-23,68.67476092429955,69.24240293834636,68.52537984737413,68.70463562011719,2079500.0
2023-08-24,69.35194387096323,69.50132493779964,67.95773324355117,68.1469497680664,2623200.0
2023-08-25,68.12703388579415,68.60504416856807,67.33033995072233,68.30628204345703,3096600.0
2023-08-28,68.77435708919893,69.37188149518911,68.47560248404228,69.02332305908203,2438700.0
2023-08-29,69.04322428884234,70.20838286179138,69.04322428884234,70.18846893310547,2044300.0
2023-08-30,70.20839969356692,70.6963708406382,69.93951980374668,70.0988540649414,1889200.0
2023-08-31,70.21834921060463,70.83577982085237,69.5720316248184,70.1585922241211,3573300.0
2023-09-01,70.37767887253159,70.72622961338041,68.81417332257864,68.96355438232422,2097300.0
2023-09-05,68.84406327741745,68.8739455742604,67.13118388581663,67.3801498413086,3773500.0
2023-09-06,67.23076372386286,67.91790454313644,65.78675673122648,66.70295715332031,3140100.0
2023-09-07,67.80835482690469,67.88802574537615,65.55770836386313,65.6274185180664,2836900.0
2023-09-08,65.64734674802925,65.71705691741677,64.45231310200371,64.6315689086914,3103100.0
2023-09-11,65.04981090923467,67.07141282834341,64.93030454043154,66.34443664550781,3630500.0
2023-09-12,66.1054359777019,66.34444875894809,64.95023792636316,65.1294937133789,2381800.0
2023-09-13,64.85066335354706,65.66727149108047,63.944423509368804,64.26309967041016,3612800.0
2023-09-14,64.59172098080727,65.78675439630663,64.3029195925302,65.72700500488281,3945100.0
2023-09-15,65.7270135347962,66.22494545551436,65.30875254487411,66.15523529052734,6711100.0
2023-09-18,65.59755153664234,66.7129141350492,65.59755153664234,66.00585174560547,3205300.0
2023-09-19,66.22493731884948,66.47390324861959,65.07969252233953,65.84651184082031,3160400.0
2023-09-20,66.14526025929811,66.5236933000444,64.63155088982248,64.74109649658203,1796400.0
2023-09-21,64.35271242177002,64.62159226682721,63.52614376078014,63.625728607177734,2172500.0
2023-09-22,63.56597203504243,64.53693747390032,63.47235909891685,64.06390380859375,2277800.0
2023-09-25,63.735279303191184,66.76270598183325,63.735279303191184,66.20502471923828,3214500.0
2023-09-26,65.91621278043563,67.12618338297104,65.84650263376078,65.93612670898438,3619900.0
2023-09-27,66.09547809075701,68.1280363159421,65.87638685584409,67.99757385253906,5470000.0
2023-09-28,68.45567194460304,70.28806519272138,67.72869566298586,69.49137115478516,4817700.0
2023-09-29,69.79012283415345,69.90962160340581,67.64901457695854,67.75856018066406,3146200.0
2023-10-02,67.7187213925805,68.37599498246973,67.29049976221398,67.55937957763672,1942100.0
2023-10-03,67.0714218772944,67.2506776557652,66.12535435626576,66.70295715332031,2726100.0
2023-10-04,66.86229086540264,67.78844444709546,66.19506398338667,67.59922790527344,2084400.0
2023-10-05,68.05731813754478,68.39591572913879,66.35140625938396,67.32038116455078,1894300.0
2023-10-06,66.73281971543331,68.70462532222275,66.37430822368322,68.17681884765625,2319800.0
2023-10-09,67.53946043520159,67.79838706557646,66.902108420306,67.51954650878906,1600300.0
2023-10-10,67.71871959542617,68.34611087998647,67.3303334291028,67.9079360961914,2209000.0
2023-10-11,68.02745566105051,68.02745566105051,66.76271194250803,67.49964904785156,2032900.0
2023-10-12,67.43988790922627,67.62910443491941,65.89629620536864,66.23489379882812,2252100.0
2023-10-13,65.85645862284059,67.36021482025859,65.78674847317679,66.84236907958984,1984200.0
2023-10-16,67.35026082911368,67.41001781900334,66.0556425483419,66.60336303710938,1951500.0
2023-10-17,66.09548279315018,67.13118205143653,65.79672061558838,66.5237045288086,1596000.0
2023-10-18,66.02577138509106,66.20502716867685,64.82076953008584,64.96019744873047,1917700.0
2023-10-19,64.9900898289361,66.42478839354834,64.60151724121411,65.20927429199219,1669200.0
2023-10-20,65.28897090308597,65.28897090308597,63.62511520506138,63.81441879272461,2575000.0
2023-10-23,63.714777259953294,64.30260724989851,63.12694727000807,63.75463104248047,2412500.0
2023-10-24,63.78451821674173,64.82069379968854,63.72474134123799,64.43212890625,2511200.0
2023-10-25,63.963870600802174,64.75096590823723,63.744682341001855,64.27273559570312,3179600.0
2023-10-26,63.88416105375835,64.50187574843,63.34614633168997,63.674930572509766,3484900.0
2023-10-27,63.963868776929864,64.08343015232109,62.48931648710585,62.867916107177734,2606400.0
2023-10-30,63.30629059026634,63.43580969291406,62.120665168904715,62.93764877319336,4484200.0
2023-10-31,66.44471090233812,67.45099056290081,65.52808896409671,66.32514953613281,7555100.0
2023-11-01,66.5044980801368,68.19824255625083,65.75725652867459,68.02886962890625,4523300.0
2023-11-02,69.34401148176393,69.50342665454676,68.02886671164083,68.99530029296875,3115900.0
2023-11-03,69.68274571838305,71.63553543877222,69.37388080657432,71.30674743652344,4022800.0
2023-11-06,71.40639026712378,71.69532453642786,70.49974127153715,70.82852172851562,2350100.0
2023-11-07,70.98792907252673,71.19715574079116,70.4200259439998,70.43994903564453,1912900.0
2023-11-08,70.89826921981586,70.89826921981586,69.26928080407797,69.7325668334961,2062100.0
2023-11-09,69.8720518860109,69.88201723335207,67.79970811768261,68.05874633789062,1981500.0
2023-11-10,68.2978791177384,69.31412425745124,68.13846394214913,69.2643051147461,2773300.0
2023-11-13,69.31411076580443,70.29050952290272,69.09491874270077,69.75249481201172,1993200.0
2023-11-14,70.73885599652351,72.10381975716165,70.42003328763475,71.94440460205078,2634400.0
2023-11-15,71.73518831174997,72.3628684729975,71.2121177100433,71.25695037841797,2780100.0
2023-11-16,71.73517174306421,72.39274779934848,71.23701082818182,71.65546417236328,2946600.0
2023-11-17,72.26324136947818,73.10911786728155,71.76010144077487,72.73151397705078,2920000.0
2023-11-20,72.8211647442558,73.2196950284731,72.50234203714854,73.06028747558594,1787600.0
2023-11-21,73.22966115942472,73.4189647567532,72.32300456309676,73.11009979248047,1469300.0
2023-11-22,73.47874210666039,73.9071608392678,72.92080426003979,73.32929229736328,1123300.0
2023-11-24,73.54847692943362,73.56840002137774,73.12105401450859,73.43888092041016,558900.0
2023-11-27,70.9979030431928,71.25196239951781,70.29051538322926,70.87834167480469,4253600.0
2023-11-28,70.43995682479616,70.5246508773151,67.85450782306258,67.87940979003906,5167900.0
2023-11-29,68.048794309378,68.589796415067,67.21187989305605,67.4609603881836,3762900.0
2023-11-30,67.46095709842021,68.42739058859988,66.14581245233374,68.20819854736328,3324600.0
2023-12-01,68.0985949339174,69.41373943336846,67.90729980648229,69.15470123291016,1898700.0
2023-12-04,68.63663020213006,69.50841205666566,68.51706881131332,69.1148681640625,1478700.0
2023-12-05,68.65655952454901,68.79604401037096,67.470933793728,67.68016052246094,1896200.0
2023-12-06,68.13847429113025,68.42740863976917,67.6154036186173,67.79972839355469,1579700.0
2023-12-07,67.84952329264392,68.03882689562053,66.75357066762128,67.14213562011719,2089200.0
2023-12-08,66.93289964447584,68.37756323156448,66.80338054537557,68.2679672241211,1893700.0
2023-12-11,68.90563724397738,71.04772358960149,68.83588740257184,70.8683853149414,3051300.0
2023-12-12,71.03776215668006,72.12872836948658,70.97797766733882,71.78500366210938,2407200.0
2023-12-13,72.34294030698936,73.99683085780983,72.25326737518974,73.90716552734375,2628600.0
2023-12-14,74.06656431759001,76.01936187592887,74.06656431759001,75.64075469970703,4271300.0
2023-12-15,76.09907188033888,76.30829858888494,74.21104502855395,74.73411560058594,5699300.0
2023-12-18,74.72414340578786,75.23724858240097,74.2758015858863,74.78392028808594,1945800.0
2023-12-19,74.86361818425377,75.56104039198625,74.72413374270728,75.4115982055664,2441800.0
2023-12-20,75.08282141280952,76.30829313257287,74.60458354080447,75.16252899169922,2162200.0
2023-12-21,75.80017186720026,77.32454315579257,75.80017186720026,76.90608978271484,2992100.0
2023-12-22,77.01568593033295,77.42417395674488,76.7068209723472,77.2946548461914,2197800.0
2023-12-26,77.41419322803543,78.03689429197179,77.29463948861171,77.85257720947266,1413900.0
2023-12-27,77.79281109377405,78.00203776802022,77.0953812449544,77.38431549072266,1365000.0
2023-12-28,77.54373314428281,77.67823112408182,76.96586463403752,77.25479888916016,1569500.0
2023-12-29,76.87619883839123,77.35442907738216,76.57729923802246,77.03560638427734,1786900.0
2024-01-02,76.2983380289576,77.12528708558173,75.42655630815507,76.089111328125,2003100.0
2024-01-03,75.95959726576558,76.39798143656387,75.15755764491941,75.830078125,2692400.0
2024-01-04,75.72047261394097,76.66697548108176,75.57102279246251,76.28837585449219,2395900.0
2024-01-05,75.72047341277582,77.16513729919659,75.31197773651405,76.33819580078125,2377700.0
2024-01-08,76.71678585129979,77.16512766314439,76.02932131189411,77.0754623413086,1880600.0
2024-01-09,76.72675528970522,77.37436607571483,74.12635439915374,76.37804412841797,3507200.0
2024-01-10,76.05919678238111,76.32820790468054,74.60456797710194,75.88982391357422,3020600.0
2024-01-11,75.91973194681933,76.04427219450199,74.50495655746428,75.96955108642578,2305500.0
2024-01-12,76.02933976666972,76.21871785273876,75.15223421810474,75.9197006225586,1888300.0
2024-01-16,75.65060009809538,75.65060009809538,74.2950683426475,74.7236557006836,2831600.0
2024-01-17,73.99604222216384,73.99604222216384,71.78333601543898,72.51094055175781,3766900.0
2024-01-18,72.51094541091172,73.51762870665208,72.18202795720578,73.27841186523438,2421500.0
2024-01-19,73.20366977943839,73.87645486632395,72.95947207734336,73.86648559570312,3704600.0
2024-01-22,74.03591957171152,75.2020732033568,73.92628041615599,74.39473724365234,2414900.0
2024-01-23,74.38477745157547,74.48445495428996,72.44616865126153,73.42793273925781,2850400.0
2024-01-24,73.39802441180179,73.45782482335545,71.07567877501822,71.31489562988281,3594400.0
2024-01-25,72.09232770979165,72.85979416799861,71.18531429122247,72.63055419921875,2126500.0
2024-01-26,72.76013643005045,73.0491844598944,72.23187912197646,72.9096450805664,2334500.0
2024-01-29,72.67043378669868,74.17546670832404,72.26177732691157,74.1355972290039,2160100.0
2024-01-30,73.48773410518865,74.27513155416425,72.87973789446688,73.75684356689453,1673900.0
2024-01-31,73.68706126819312,74.22528770378206,72.7102782693116,73.11893463134766,3129600.0
2024-02-01,73.11893014116319,74.88311034587551,72.7501432715574,74.10567474365234,2593600.0
2024-02-02,73.78675324564146,74.11567076664853,72.28171262881536,73.66715240478516,2446600.0
2024-02-05,72.97941459412444,73.32826304160263,72.37141832666563,73.16879272460938,3365700.0
2024-02-06,76.49780224378298,82.83690411949651,76.30842414360669,81.69068145751953,12511200.0
2024-02-07,81.77041283641475,82.2368772736824,79.90655502453238,81.56110382080078,4278100.0
2024-02-08,81.26210222213258,81.87009845292044,80.17169519407439,81.79035949707031,2483800.0
2024-02-09,82.01959865281488,82.47808619527873,80.34511877392202,81.07271575927734,2755000.0
2024-02-12,81.35179592692982,83.0362373437136,81.12254837086363,82.89669799804688,2304300.0
2024-02-13,82.07939736606471,82.44519578855393,80.89331286274368,82.0395278930664,2529800.0
2024-02-14,82.32857134659692,83.16581502492129,82.06942358850556,82.89669799804688,2214800.0
2024-02-15,83.66417605535054,85.45825670266228,83.64922595361394,85.34861755371094,2346100.0
2024-02-16,83.23559593905956,87.0031739895359,83.21565739880067,85.73734283447266,13131800.0
2024-02-20,85.6476449231051,86.52475061409055,85.29879650079984,86.10613250732422,6372600.0
2024-02-21,82.72726280264513,84.92999985149784,81.79034920017112,84.70075988769531,5838000.0
2024-02-22,85.16920658380843,87.81050015274437,84.72566916670154,87.35201263427734,4154900.0
2024-02-23,87.1128027232718,89.43514810439207,86.94834400527925,88.77731323242188,3815600.0
2024-02-26,88.64774761565539,90.41192808999794,88.49823899137986,90.32222747802734,3805100.0
2024-02-27,89.71423374022129,92.27578854370631,89.19494200943153,92.21598052978516,3993400.0
2024-02-28,91.94686614939556,93.65025000389278,91.6976876503457,92.7143325805664,3431900.0
2024-02-29,93.00338505628115,93.03328526092335,88.57797986976708,90.98005676269531,6144000.0
2024-03-01,90.750818322176,92.75420811025485,90.27737305960345,92.41532897949219,2696200.0
2024-03-04,92.63460964381566,93.19276709893867,92.12130249755253,92.42530059814453,2615200.0
2024-03-05,92.41533719592377,93.19277301615793,91.21927565344195,91.5083236694336,2804900.0
2024-03-06,91.25913448786282,93.77085811108955,91.14949533581505,92.79407501220703,2521200.0
2024-03-07,92.89376404124566,93.2426201083873,91.68774072446865,92.35554504394531,3014400.0
2024-03-08,92.49507018763349,94.18948109146422,92.18608365014906,93.56155395507812,2853900.0
2024-03-11,93.50173283548605,93.75091132197169,91.82725310212963,92.69439697265625,2123200.0
2024-03-12,91.88707461043117,92.19605354568675,91.3986792300481,91.5182876586914,3042200.0
2024-03-13,87.27227968588728,89.07134884827504,86.2656039716399,88.18926239013672,14434500.0
2024-03-14,87.81050158038505,88.74741517058126,87.47162247161367,88.03974914550781,4859000.0
2024-03-15,87.96001140611928,89.43515148721814,87.64106322700661,89.11620330810547,7314600.0
2024-03-18,89.60458983415823,90.66110423739393,89.19992571565628,90.312255859375,2843900.0
2024-03-19,90.30229586987866,90.70098303043791,90.06308661527315,90.48170471191406,2996500.0
2024-03-20,90.18268271138274,90.81060977046901,89.85376527857962,90.5913314819336,2016900.0
2024-03-21,90.95015307309848,91.87709740311234,90.82058298983878,90.90031433105469,2754900.0
2024-03-22,91.15946109997635,91.59801769130347,89.07633249982115,89.43515014648438,6178000.0
2024-03-25,89.51489296146215,89.80394096967771,87.96002136282353,87.98992156982422,2436000.0
2024-03-26,88.18925563868258,89.04941876282034,87.4118123524476,88.77731323242188,2845200.0
2024-03-27,89.66439622759425,90.39200083975199,89.42019854451344,90.01324462890625,2629100.0
2024-03-28,89.9036086468611,90.85049160307213,89.35542045525743,90.61128234863281,2108000.0
2024-04-01,91.00995137013322,91.159459988474,88.89692259257419,89.23580169677734,1958200.0
2024-04-02,88.55803896125119,88.9467568198498,87.57129421283351,87.82047271728516,3010700.0
2024-04-03,87.96001391252632,89.75410222386012,87.82047455545866,88.7374496459961,4403900.0
2024-04-04,89.85377330933088,90.54150083427514,87.58126648744599,87.67096710205078,2728200.0
2024-04-05,87.67097207630293,89.20591271600232,87.56133291601546,88.1792984008789,1592500.0
2024-04-08,88.43843597893976,88.55305595896823,87.33208283793665,87.42178344726562,1692400.0
2024-04-09,87.84041974958662,87.95005891998404,86.16593958862927,86.65433502197266,4172700.0
2024-04-10,85.09944387714157,86.41510613482617,84.9599045168057,85.10941314697266,2926100.0
2024-04-11,86.19583960444312,88.62781686262825,85.32869559092711,87.92015075683594,3071000.0
2024-04-12,86.78388782297512,87.24237535123359,85.77222371960572,85.9964828491211,2227900.0
2024-04-15,87.31214808436505,87.6211346066485,85.23898106322123,85.84697723388672,1983600.0
2024-04-16,85.54797769276851,86.15597393526713,85.06955155277801,85.59780883789062,1868200.0
2024-04-17,85.78717795283237,85.96658678594996,84.88017212186135,84.91007232666016,1711600.0
2024-04-18,85.08955139251414,85.87225132591817,84.3716707466401,84.72064208984375,1815300.0
2024-04-19,84.7505249328782,85.3587351909567,83.85316491218846,84.24201965332031,2022700.0
2024-04-22,84.56110128878747,84.83031316579762,83.93295292077073,84.06256866455078,2113700.0
2024-04-23,84.7405688352202,86.3957007111049,84.54115883892256,85.98690032958984,1951300.0
2024-04-24,85.85728188986921,87.0238463061943,85.54819412323697,86.46549224853516,2020300.0
2024-04-25,85.74760257696902,86.42062459348494,84.49129836274085,85.69774627685547,1362900.0
2024-04-26,85.10948569607496,86.64496700997883,84.91007569977732,85.98690032958984,1790600.0
2024-04-29,86.046719143551,88.91826382530992,86.046719143551,88.67897033691406,4353000.0
2024-04-30,80.80216673229141,82.05847104552632,75.85672413002236,76.01625061035156,14433600.0
2024-05-01,76.29542041040015,78.89776100859746,76.275482454879,78.03031921386719,5303300.0
2024-05-02,78.95758688937201,79.13705890980219,76.96345670992685,77.60157775878906,2995700.0
2024-05-03,78.26960865728418,79.82502774540458,78.26960865728418,79.23676300048828,2722700.0
2024-05-06,79.36638592983283,79.76521351882768,78.41917706209817,79.56580352783203,2389700.0
2024-05-07,79.76521365255927,81.44028344354315,79.4361803205616,81.1910171508789,3225500.0
2024-05-08,80.77225087681578,81.33558752039673,80.01447922398589,80.87195587158203,2748400.0
2024-05-09,81.26081950557504,82.51712387574514,80.92182096513473,82.48721313476562,1952700.0
2024-05-10,82.92590695823121,83.23399820400444,82.4672579006424,83.15523529052734,1856300.0
2024-05-13,83.64379758335886,83.7534753620361,80.34351426226264,80.79219055175781,1885300.0
2024-05-14,80.76227840336436,81.45025580178229,80.06433583033423,80.28368377685547,2500700.0
2024-05-15,80.95172851598338,81.9986424440316,79.90480698093114,81.66961669921875,1956200.0
2024-05-16,81.26080252300173,81.72443412529925,80.66256500742311,81.07135772705078,1627100.0
2024-05-17,80.7622819177759,81.63969656305257,80.18398227095534,81.61975860595703,1321000.0
2024-05-20,81.72944163672899,82.42738428495721,81.23090900027901,81.51008605957031,1248500.0
2024-05-21,81.51007149414714,81.75933776782954,80.86197766117228,81.69951629638672,1150200.0
2024-05-22,81.33060115071785,81.64966168333363,80.13412605515944,80.38339233398438,1633600.0
2024-05-23,80.74235009800631,80.74235009800631,78.99748584986952,79.0971908569336,2034900.0
2024-05-24,79.6056812098267,80.02445437143133,78.67841788478343,79.61565399169922,1433900.0
2024-05-28,79.13705821075875,79.48602946767849,78.26960885184151,78.51887512207031,1854800.0
2024-05-29,77.84087506593274,78.68837891233892,77.68134859939904,78.21975708007812,2397000.0
2024-05-30,77.77108961484714,78.69836060299664,76.71420288252774,78.33941650390625,2750100.0
2024-05-31,78.49894860871912,78.49894860871912,76.68429020124798,77.77108764648438,7002100.0
2024-06-03,77.83090938766107,78.56874313460156,76.02622375634196,76.923583984375,3059500.0
2024-06-04,76.82386627822157,77.59160303096222,76.02621118365751,77.29248046875,1967200.0
2024-06-05,77.23267877818878,77.5517393763244,76.3951475607095,76.73414611816406,2637500.0
2024-06-06,76.42505364403712,76.92358627366946,75.53766617185191,76.7740249633789,2474900.0
2024-06-07,76.49484117172398,76.80392894063621,75.68722081708049,76.11595153808594,2357000.0
2024-06-10,75.74704675669342,75.78693027874257,74.9992478340308,75.55760192871094,2115500.0
2024-06-11,75.32827306376119,75.32827306376119,74.29132442329939,74.52064514160156,2655600.0
2024-06-12,74.97929537829465,76.0062788609132,74.78985817472702,75.74703979492188,3081600.0
2024-06-13,74.94938740059109,77.10305183057125,74.91947666245308,76.76404571533203,2530200.0
2024-06-14,75.97636075514708,76.38516111460788,74.88956340204984,76.26551055908203,2576800.0
2024-06-17,76.03618803886819,77.63149070648213,75.73706546062668,77.32240295410156,2190500.0
2024-06-18,77.08310914139402,78.48897474233091,76.94352062020928,78.04029083251953,2032500.0
2024-06-20,77.77107956313458,79.86491479920295,77.6215182733433,79.20685577392578,3408100.0
2024-06-21,79.5957192923403,79.86492355788535,78.25964792588368,78.93765258789062,5115500.0
2024-06-24,79.097178286855,79.4062660417349,78.42914647798406,78.61858367919922,2270100.0
2024-06-25,78.74821169683995,79.04732668828382,78.14000132513262,78.57870483398438,1798500.0
2024-06-26,78.6285643496085,79.05730270117056,77.73618671220416,77.77108764648438,2426200.0
2024-06-27,77.78105609858679,78.86785348332047,77.66140553957794,78.58867645263672,2192600.0
2024-06-28,78.9775374098872,79.41425551831955,77.00335247805343,77.69132232666016,9422500.0
2024-07-01,78.1200486139046,78.1200486139046,75.99630270165095,76.03618621826172,3081400.0
2024-07-02,76.03620091241666,76.4848772487403,75.45790122030726,76.10599517822266,2171300.0
2024-07-03,76.14586390151385,77.12298343286798,76.08603482316352,77.0133056640625,1346700.0
2024-07-05,76.97343557472739,77.02329188088244,76.32534923673765,76.83384704589844,1689500.0
2024-07-08,76.7740170296883,77.41213812111504,76.08603963764868,76.12592315673828,1662000.0
2024-07-09,76.12592340742421,76.77401728250842,75.51771305156095,76.64440155029297,2152500.0
2024-07-10,76.70422459710545,78.98750477200971,76.70422459710545,78.9077377319336,2475300.0
2024-07-11,78.95759962169194,80.48310823784314,78.95759962169194,79.70539855957031,2540600.0
2024-07-12,80.0543682290384,81.08632678643984,79.70539691994139,80.04439544677734,2579000.0
2024-07-15,80.01447998432829,80.39336201084184,79.61565239446988,79.95465850830078,2483200.0
2024-07-16,80.21388588968357,82.71652147173317,79.95465443543381,82.3974609375,3524300.0
2024-07-17,82.34760926127036,83.37459278276752,81.7194609387073,82.22796630859375,2567800.0
2024-07-18,81.70949462499482,83.25993140118986,80.6526078886704,80.74234771728516,3233900.0
2024-07-19,81.02162453865175,81.17622570055197,79.70501103076798,80.23365020751953,2428200.0
2024-07-22,80.8720049814308,81.17123081694969,79.8945156551615,81.02162170410156,2439400.0
2024-07-23,80.67252217942367,81.00167748282452,80.29349970297092,80.61267852783203,1529000.0
2024-07-24,80.7922020677966,81.28094288782691,79.42571393526212,79.48556518554688,2517000.0
2024-07-25,80.20372189531149,80.85204831407832,79.52546604552667,79.71497344970703,2512400.0
2024-07-26,80.53287738092281,81.47845115976101,79.79477781686724,80.29349517822266,2532900.0
2024-07-29,80.47301998051229,82.24745537931373,80.3134267994367,81.83950805664062,2790400.0
2024-07-30,82.32826222450595,83.8643125975762,80.79221185143571,82.43798065185547,5269100.0
2024-07-31,79.8945172676851,88.02361152542551,79.79477532049904,84.41289520263672,8043400.0
2024-08-01,83.8842516184141,84.7819443154837,82.00907723661946,83.18605041503906,3561600.0
2024-08-02,82.58759456191521,83.31571761693782,80.58773315789001,83.2259521484375,2986200.0
2024-08-05,81.75972512837777,82.15870053791492,79.53544235683864,81.31087493896484,3589100.0
2024-08-06,81.89935838406004,82.71725447932279,80.96176739321407,81.3407974243164,2686700.0
2024-08-07,82.01906031991969,82.44795755363022,78.57790597229159,79.13646697998047,2401200.0
2024-08-08,79.71498083836424,82.18862228739343,79.47559863678818,82.10882568359375,1632600.0
2024-08-09,82.10881917855555,83.25587053537657,81.10640010589088,83.18605041503906,1584300.0
2024-08-12,82.98655634748314,82.98655634748314,81.50038091220927,82.15869140625,1564400.0
2024-08-13,82.97659690884022,84.27325748077315,82.30830986203327,83.9540786743164,1766200.0
2024-08-14,83.97402113159242,84.0139194286392,82.53771287719664,83.25586700439453,1904600.0
2024-08-15,83.75458687706517,85.71953431053768,83.75458687706517,85.0811767578125,2319400.0
2024-08-16,84.7121298977516,84.93156675067637,83.94410852233781,84.58246612548828,1341700.0
2024-08-19,84.48271374266503,85.39038294763256,83.9341292385158,85.37042999267578,1439000.0
2024-08-20,84.94154195092918,85.48014998750537,83.62492085318317,83.72467041015625,1464200.0
2024-08-21,84.42286836314159,84.42286836314159,83.32569176755977,84.2632827758789,984300.0
2024-08-22,84.56251637041116,84.56251637041116,83.73464370661522,84.15357208251953,944800.0
2024-08-23,84.78193681874941,85.35047420831756,83.73462749647148,84.5625,1511800.0
2024-08-26,84.42285583334824,85.20085352911406,83.95406039876592,84.27323913574219,1475100.0
2024-08-27,84.31314583929543,84.4827078955794,83.81442853740931,84.1934585571289,1208100.0
2024-08-28,84.20343201384782,84.20343201384782,83.11623188918969,83.71469116210938,1131300.0
2024-08-29,84.03387329053203,84.78194931388987,83.46533581717297,83.86431121826172,1264700.0
2024-08-30,84.23336338729227,84.66226064331842,83.37556887523996,84.6024169921875,1838600.0
2024-09-03,84.34307631693969,85.34749684050536,84.1136705960259,84.58246612548828,1963900.0
2024-09-04,83.99397316030084,87.49497100412462,83.99397316030084,87.32540893554688,2008000.0
2024-09-05,87.17578897572291,88.27296555672335,86.45763481802884,87.06607055664062,2321000.0
2024-09-06,87.00622890852519,87.52489158440716,84.79192274146773,84.87171173095703,2696500.0
2024-09-09,85.14103168664664,86.23820840022142,84.50267404930047,84.90164947509766,1659600.0
2024-09-10,84.99139655730487,85.51006678154002,84.62234303659223,85.33052825927734,1558900.0
2024-09-11,85.04127480017539,87.18576067868756,82.92671074162492,86.96632385253906,2630300.0
2024-09-12,86.79676016757462,87.24561032737931,85.8192784690019,87.23563385009766,1393200.0
2024-09-13,86.387816424096,86.92643205313047,85.49012370903856,86.68704986572266,10515100.0
2024-09-16,86.92643368454742,87.02617563035407,85.6347576032681,86.41773986816406,4680200.0
2024-09-17,86.4177431949354,87.9637700488342,86.12848621408492,86.5673599243164,3144200.0
2024-09-18,87.19572637622188,89.45990706210837,86.77182125913507,88.3028793334961,3508400.0
2024-09-19,89.43996001656825,90.55708952385349,88.54226734194815,90.38752746582031,3128100.0
2024-09-20,90.11822863679234,90.89622652850484,89.3651681359318,90.04840850830078,9492300.0
2024-09-23,90.26783578802338,91.37897640482515,90.09827372395023,90.64685821533203,2908800.0
2024-09-24,90.76655467345306,92.10311347417148,89.5696361172926,91.97344970703125,3537800.0
2024-09-25,92.55197121883114,93.29007080190954,91.91361358862986,92.77140808105469,4044700.0
2024-09-26,90.78650112764733,92.48214464771746,89.15070886299225,92.25273132324219,5273200.0
2024-09-27,92.4422454182089,94.30745098859134,91.65427111659778,91.75401306152344,12623800.0
2024-09-30,92.27269397222467,94.0780484956053,92.15299905864242,93.6092529296875,3977300.0
2024-10-01,93.5793234734017,93.5793234734017,90.91617464439027,91.4348373413086,2615400.0
2024-10-02,91.39493267081836,92.24275819662016,90.73662977022835,90.80644989013672,1763400.0
2024-10-03,90.27781037828896,90.60695802230924,89.29034461676123,89.64942169189453,2592900.0
2024-10-04,90.40748036404462,91.23535298924863,89.68932616434104,91.18547821044922,1988600.0
2024-10-07,90.76655526135124,91.0657887072408,89.48484805357224,89.82896423339844,2623400.0
2024-10-08,90.00849393046674,90.78350102150556,89.62947153144697,90.45734405517578,2075400.0
2024-10-09,90.56706932434896,90.78649855524448,89.7641341261704,90.53713989257812,2122900.0
2024-10-10,90.06835317066574,90.6269141471612,89.56464379524084,90.01847839355469,2269300.0
2024-10-11,90.4473776532625,91.37499221586503,90.15812068107218,90.79647827148438,1372100.0
2024-10-14,90.81642655175656,91.56450252793307,90.33765457868176,91.38496398925781,1342800.0
2024-10-15,91.6542603681519,91.71909604917035,90.37754535925171,90.47728729248047,2474300.0
2024-10-16,90.80645202196938,90.8862486208301,89.73420520056236,89.98855590820312,1823100.0
2024-10-17,90.50722427014695,90.68676282395757,90.02845986653396,90.58702087402344,1711100.0
2024-10-18,89.85863582649489,91.37524157906468,89.78380656108426,91.13577270507812,1609500.0
2024-10-21,90.68678722571451,91.24553273989805,89.31984753584496,89.59922790527344,1675400.0
2024-10-22,89.06043740076831,89.3597621027006,87.49893394312569,89.11032104492188,2210200.0
2024-10-23,88.4518016716375,90.15797761382632,87.91300806689307,89.09037017822266,2116600.0
2024-10-24,89.35976096528944,89.77882772239971,88.40190822909157,88.70124053955078,1291700.0
2024-10-25,89.06043885346882,89.44956630096388,88.10258608945506,88.2223129272461,2035500.0
2024-10-28,86.46625579222552,86.77056658849182,84.71018853541435,85.73788452148438,4223700.0
2024-10-29,85.46848838918213,86.50615649915896,84.81994011119384,85.07935333251953,3762300.0
2024-10-30,89.52940092821582,89.95843991496587,85.60818662077308,87.00505065917969,4700400.0
2024-10-31,85.92747057535924,87.94793734156994,85.80773611011273,87.15471649169922,3259500.0
2024-11-01,87.01502081647493,88.24227421438222,86.52611845707192,86.75559997558594,3383300.0
2024-11-04,87.40414613539436,87.72343038855517,86.35649824799346,86.7955093383789,1431700.0
2024-11-05,86.6159174300543,87.99283705157693,86.6159174300543,87.9728775024414,1656200.0
2024-11-06,89.7189546111124,89.79877757369425,84.88478586708798,86.58597564697266,4163100.0
2024-11-07,86.9152413931225,88.68128070455894,86.74162682665857,88.13251495361328,2497300.0
2024-11-08,88.60146230641921,88.910766766542,85.64807363218019,85.74785614013672,10190500.0
2024-11-11,86.8054978816569,86.95516405564457,84.28115531065863,85.1990966796875,4367000.0
2024-11-12,85.22902282518375,85.71793280243223,84.53059087531065,84.73014068603516,3918900.0
2024-11-13,84.92969155667151,85.21405039563219,83.06885584033007,83.99179077148438,3014800.0
2024-11-14,83.46299047493477,84.50066632578013,82.51510976282376,82.734619140625,3061100.0
2024-11-15,82.62484966941892,82.6348294427166,81.33773295813727,81.57720184326172,3768400.0
2024-11-18,81.71688316244762,83.29833838326971,81.70191730959569,82.53504943847656,2918000.0
2024-11-19,81.81666856353714,83.04392194141852,81.52731601733197,82.33550262451172,2513600.0
2024-11-20,82.3155465850013,85.09930961935629,82.2257514608302,84.7101821899414,6103400.0
2024-11-21,84.41085108656226,85.06937912254021,81.6570197210545,81.81666564941406,4930600.0
2024-11-22,81.77676131372516,82.39537792167359,80.37988976785492,82.25569152832031,5934900.0
2024-11-25,83.17362877081061,83.31331515729696,81.71689387435511,82.4751968383789,5272900.0
2024-11-26,82.59493166027713,83.24348001012889,82.20580417283365,82.3255386352539,2040900.0
2024-11-27,82.66476408139093,83.71740563768972,82.53306304100559,82.8144302368164,1808000.0
2024-11-29,83.06387488618249,83.32329572599015,82.70467914255256,83.03394317626953,1277700.0
2024-12-02,82.70468655829451,83.06388233413185,82.20580438211354,82.8942642211914,2247000.0
2024-12-03,82.29559610958832,82.87429357107084,81.85058650828333,82.38539123535156,2026700.0
2024-12-04,82.43528205062857,83.02395928260631,82.31554760458064,82.82440948486328,1932700.0
2024-12-05,82.57497264466156,83.14369797081727,81.17810115217853,81.38264465332031,2269200.0
2024-12-06,81.18807144988351,81.78672841611804,80.29008219436355,81.05835723876953,3177200.0
2024-12-09,81.17810243243088,81.93640541671003,80.87877010348619,81.7168960571289,2372600.0
2024-12-10,82.23573622802502,82.81444138029418,81.46246733122337,82.17587280273438,3124600.0
2024-12-11,81.86656285551577,83.1436999258726,81.59716223491203,82.56499481201172,3890100.0
2024-12-12,82.1459340622708,82.43528661365046,80.65925982114734,81.44749450683594,2370000.0
2024-12-13,81.21801060041226,81.3078057280263,80.43975571174249,80.9186782836914,2836000.0
2024-12-16,80.57943928568352,81.5971554248303,79.91093148330246,80.11048889160156,2908800.0
2024-12-17,80.1603742942496,80.64928424606329,79.03290345887021,79.07281494140625,3557100.0
2024-12-18,79.19255737538062,80.19032170239258,76.80790124280905,76.91764831542969,3264100.0
2024-12-19,77.13715488792096,78.0052125613823,76.77795913423608,77.25688934326172,3384400.0
2024-12-20,77.39657347390427,78.85330838247435,76.71909068764283,78.73358154296875,11179900.0
2024-12-23,78.60386295301078,79.1725882460987,77.35665769515687,79.10274505615234,2495700.0
2024-12-24,79.36217692714885,79.61161801343772,78.55897632480516,79.18257904052734,1035700.0
2024-12-26,78.92315485313073,80.00074212744502,78.79843431524262,79.53179168701172,1622000.0
2024-12-27,79.14265960117301,79.69143298080421,78.71362067137144,79.33223724365234,1533000.0
2024-12-30,78.94311231670038,78.98302380125077,77.42650635313535,78.42427062988281,1850600.0
2024-12-31,78.82336956336111,79.09276254028883,77.7956736844962,78.00520324707031,1877800.0
2025-01-02,78.74355897064262,78.74355897064262,77.54624482149352,78.20476531982422,2658500.0
2025-01-03,78.37438428651555,80.43975596381803,78.2147383538076,80.33997344970703,2712600.0
2025-01-06,80.33997086075397,82.21577244793943,80.24019596219527,81.53729248046875,3746500.0
2025-01-07,81.6969347820764,83.25345220242181,81.26789584623603,83.18360900878906,3382000.0
2025-01-08,84.46073776344365,87.10481431294681,84.10154205644432,86.067138671875,4432600.0
2025-01-10,85.18910453671022,85.87756426969749,84.21129988498294,84.57049560546875,3792000.0
2025-01-13,84.949649577556,85.3537428900677,83.70943236217978,85.16915893554688,2903800.0
2025-01-14,85.73312889540934,85.83294473115379,83.66690987211277,83.9763412475586,2821300.0
2025-01-15,85.06435820809675,86.09247583143618,82.70866782538525,83.50720977783203,4148700.0
2025-01-16,83.60701641455526,85.1941086606239,83.22670797673054,84.8447494506836,2115900.0
2025-01-17,86.18230418876554,86.18230418876554,84.42552415179297,84.5852279663086,2855000.0
2025-01-21,84.98448714861568,87.45996066196729,84.48540042229519,87.18046569824219,2861800.0
2025-01-22,87.0607020045118,88.10877970794081,86.59455207314326,87.17050170898438,2381200.0
2025-01-23,87.17049184493868,88.50804065285368,86.70134909081767,87.99897766113281,1696900.0
2025-01-24,87.35016409542082,88.61784107478815,86.86105360301212,88.50804138183594,2008400.0
2025-01-27,88.7176615439767,89.52618729034812,88.00895924402973,88.82746124267578,2376800.0
2025-01-28,88.58790426317847,89.15686289298274,87.53981896937378,87.61967468261719,2406800.0
2025-01-29,87.62965670179535,88.44815870662121,87.38011331476966,87.68954467773438,1336100.0
2025-01-30,88.3882705457822,89.58607575481588,88.24852685857694,89.38644409179688,1618700.0
2025-01-31,88.96721121965555,89.63599332687153,88.05887719355431,88.13873291015625,1775500.0
2025-02-03,87.2503581131938,88.3283798144544,86.20227278602744,87.35017395019531,2142300.0
2025-02-04,87.52984668425833,87.86922205773561,86.60154491824183,86.77123260498047,2488900.0
2025-02-05,86.85107653787561,87.62965063300202,86.14237428165903,87.01078033447266,2346900.0
2025-02-06,87.35017369073968,90.57427014752714,87.20543425437623,88.38827514648438,3252700.0
2025-02-07,88.63781200663097,89.19678674330832,87.33818812839647,87.47992706298828,1671400.0
2025-02-10,87.8392738560268,88.118761236186,86.70634472566857,87.3401870727539,2036400.0
2025-02-11,86.65144856117706,87.81931747146811,86.57658858668545,86.87104797363281,2392400.0
2025-02-12,85.78303851314698,86.51170095009083,85.34383970811128,85.74311065673828,3656300.0
2025-02-13,89.83561789401459,94.62685389454592,89.47627481320175,93.30926513671875,7832700.0
2025-02-14,93.02976215032356,93.03974601711523,91.01345513957034,92.04157257080078,3946400.0
2025-02-18,92.0815089925099,93.08966639944497,91.95673730010813,92.50074005126953,3262700.0
2025-02-19,92.1114536647308,92.97986739186621,91.43269534840262,92.35101318359375,3284000.0
2025-02-20,92.16136584155578,92.96988398135741,91.37280782198265,91.92179870605469,2341200.0
2025-02-21,91.37281245096764,91.57244412520546,90.26483914338917,90.92362976074219,2854700.0
2025-02-24,90.4744433719948,91.53250482097133,90.20593750909379,90.40457153320312,2769000.0
2025-02-25,90.9236218873998,91.22307698828607,89.84560027822025,90.64413452148438,2310900.0
2025-02-26,90.20494381119968,91.48260469927845,89.99033254420074,90.54431915283203,1845500.0
2025-02-27,89.94541184340905,92.02959548655629,89.11692603695772,89.23670959472656,3926200.0
2025-02-28,89.79570170098764,90.09515684570962,85.73313520211106,87.19046783447266,4214400.0
2025-03-03,87.33020038861042,88.8174844379341,86.13239519356527,86.29209899902344,3556300.0
2025-03-04,86.4617918368971,86.4617918368971,82.55892977276324,84.156005859375,3998900.0
2025-03-05,83.8465649228064,85.33184589430802,83.63694942435441,84.60517883300781,3111100.0
2025-03-06,83.84657708984302,85.71316434519431,83.46727388743066,85.2540054321289,3946100.0
2025-03-07,85.34383811408561,86.78121045611209,84.54529623174652,86.42186737060547,4076700.0
2025-03-10,85.61832919932806,87.18046547011126,84.71498344552528,85.20408630371094,3552100.0
2025-03-11,87.18047374734397,89.06702875323751,84.78486333219365,85.43367004394531,4276600.0
2025-03-12,85.56343815186311,85.9327574924503,83.60202316086144,83.636962890625,2819700.0
2025-03-13,83.48723386300112,83.96636051063116,81.01176776071512,81.30123138427734,3605700.0
2025-03-14,81.99995351477614,82.1796250471304,80.25414753696269,81.82028198242188,5207300.0
2025-03-17,81.69051230145757,82.74358560625319,81.47092053726885,82.31936645507812,2526800.0
2025-03-18,82.00994271128918,82.22953449580598,81.08164100304424,81.98997497558594,2899900.0
2025-03-19,81.73044198453708,82.47408397037387,81.63062615940458,82.24949645996094,3124200.0
2025-03-20,81.90014300235292,82.52898959865924,81.40105622626413,81.66057586669922,2731100.0
2025-03-21,81.00178827041488,81.68054661555306,80.00361468141521,81.3411636352539,4304400.0
2025-03-24,81.99995627433722,82.63878671854899,81.3311818429686,81.55077362060547,4453600.0
2025-03-25,81.81030803221597,82.73860979266462,81.33118896483231,82.30939483642578,3730100.0
2025-03-26,82.24950291861185,82.70866184264428,80.33799963615932,80.85205841064453,2859100.0
2025-03-27,81.24133789818245,82.64876614256293,81.02173851689251,81.51084899902344,3074600.0
2025-03-28,81.27128170989529,81.63861338328493,79.63927357740339,79.86386108398438,3189800.0
2025-03-31,79.5544265353357,80.86203902566491,79.05533977510031,80.56258392333984,4151200.0
2025-04-01,80.22320922738503,80.69234438879552,79.18510784388631,79.42466735839844,2996300.0
2025-04-02,78.63610728466736,79.73409661399302,78.55625157678126,79.21504974365234,2806100.0
2025-04-03,76.3952126123509,76.45010484410643,70.32132015255856,71.86849212646484,9331400.0
2025-04-04,63.24427177666211,63.68047385795508,57.933989211793374,60.39947509765625,16890600.0
2025-04-07,60.41943838819054,63.62856621826984,58.74749860222015,60.87860107421875,9299600.0
2025-04-08,63.074581492882956,64.31231829648381,57.94397036103343,58.64269256591797,7418900.0
2025-04-09,57.59461447738381,65.41031137769373,57.544706561533054,64.86132049560547,8488500.0
2025-04-10,63.57366899281651,64.08273580360535,59.58796216753834,62.16624450683594,7636300.0
2025-04-11,62.226139195926166,63.480843316536294,60.74784517512264,62.695281982421875,7221500.0
2025-04-14,63.803249500591114,64.6666750775734,63.12449501084826,64.27239227294922,4896000.0
2025-04-15,64.38219331918933,64.68164842732295,62.54555385358854,62.98474884033203,5405800.0
2025-04-16,62.984746302024966,63.578660752763845,60.58913218760922,61.367706298828125,6206900.0
2025-04-17,61.876781227424715,62.72522723811591,61.58730997851408,62.25608444213867,4474000.0
2025-04-21,61.61725042861139,61.692114203544925,59.84050279601964,60.36953353881836,5755100.0
2025-04-22,61.47750750975553,62.2261376529295,60.6390415970915,61.53739929199219,4508800.0
2025-04-23,64.38218969621394,66.95747911177274,64.1576021854818,64.77147674560547,6292800.0
2025-04-24,64.92120649464108,67.2669127377676,64.65169538024799,66.95748138427734,6555800.0
2025-04-25,68.90993322216704,70.72755724295982,67.8413302146587,68.3306884765625,5508600.0
2025-04-28,68.24080286241542,68.71019053675498,67.19217049976598,67.98114013671875,3896300.0
2025-04-29,67.79138893304093,68.45053104803321,67.02239741831865,68.00111389160156,5692100.0
2025-04-30,72.40535504725712,72.50522297860776,69.74882388060838,70.23818969726562,12759300.0
2025-05-01,70.22820738162075,70.82742264686674,67.54171633878804,67.5816650390625,8115300.0
2025-05-02,69.80875240603237,71.11703986274324,69.27944549971224,70.43792724609375,7209400.0
2025-05-05,69.83870832839914,70.49784275175851,69.0996765145009,69.2794418334961,5927300.0
2025-05-06,68.39061883968917,68.88996620743988,66.98245560530282,67.00242614746094,5677400.0
2025-05-07,67.38691808865677,69.21952180550672,66.86260188827345,68.73016357421875,5304500.0
2025-05-08,69.39929049290511,71.30680097015541,69.01978926125794,70.40797424316406,6022300.0
2025-05-09,70.65764182598365,71.71625564692405,69.6988959395675,69.77879333496094,5724400.0
2025-05-12,76.84954898910225,77.64850774356258,73.41404463156776,74.01325988769531,8031200.0
2025-05-13,74.25293749800053,75.59119214321791,73.57382490627111,73.7336196899414,4751000.0
2025-05-14,73.41404236834005,73.84847208223863,72.62507271797777,72.74491119384766,3849400.0
2025-05-15,72.18564449070342,72.9646250598292,71.46159242937166,72.81482696533203,3448000.0
2025-05-16,72.81483184258579,73.13441383131108,71.95095546946764,73.03453826904297,3309100.0
2025-05-19,72.14569962527442,73.19433205907649,71.78616894051004,73.00457763671875,2418500.0
2025-05-20,72.50522361864786,72.9047029670116,71.69628346230154,71.7562026977539,3268200.0
2025-05-21,71.32676834323264,71.39667666225854,69.31939763144516,69.48917388916016,3225900.0
2025-05-22,69.3193979851644,70.02347190914823,68.13394337431892,69.34935760498047,2835100.0
2025-05-23,68.41058291615829,69.26946091706928,68.35066367591092,69.0697250366211,2486600.0
2025-05-27,70.28813008603643,71.2968138642259,69.67892571084204,70.91731262207031,3183800.0
2025-05-28,70.91730464445081,71.35672508082187,70.4079682724424,71.05712127685547,2448600.0
2025-05-29,71.70627442511812,71.90601029482976,70.68760167905776,71.4366226196289,2807600.0
2025-05-30,71.24687290384958,71.24687290384958,69.4991572607032,70.44792175292969,7095500.0
2025-06-02,70.33806682483066,70.3580373659379,69.76881116032753,70.05843353271484,2396200.0
2025-06-03,69.90862631879374,71.20693242677415,69.21952456400338,71.0671157836914,2445300.0
2025-06-04,71.25686156349613,71.4566050646245,70.83741164027975,71.03714752197266,1672500.0
2025-06-05,71.21691180611025,71.88604300066321,70.75751318948763,71.45660400390625,1898800.0
2025-06-06,71.92598390246121,72.35542289815304,70.78747263377785,71.5265121459961,2152700.0
2025-06-09,71.75621188200367,72.89472321792849,71.38170137362219,71.57644653320312,2075600.0
2025-06-10,71.79616022679689,74.02325272478004,71.66633266086727,73.8235092163086,4533500.0
2025-06-11,73.90839760843339,74.06320168532822,72.74491738311649,73.30419158935547,3051600.0
2025-06-12,73.11443245259645,73.69866789285585,72.23558392714763,73.01456451416016,3574800.0
2025-06-13,72.0957661865466,72.69498142743304,71.81613291542861,72.15568542480469,2976900.0
2025-06-16,72.25555617479601,73.02455531974465,71.5864325900795,72.764892578125,3046900.0
2025-06-17,72.2755321301077,72.61508464234655,70.80245147540532,71.04713439941406,2918100.0
2025-06-18,71.15699386995283,72.07579112003016,70.89733112730124,71.79615783691406,3496300.0
2025-06-20,72.50522726590344,72.51521634545959,71.12203309563156,71.18695068359375,6306600.0
2025-06-23,71.18695426665627,71.29182055868613,69.39928990788628,71.0671157836914,3142300.0
2025-06-24,71.48656796214635,72.19564027992878,71.31679169298067,71.88604736328125,8746500.0
2025-06-25,71.91600500712815,72.75490486894772,71.00718920405464,72.65503692626953,5681100.0
2025-06-26,72.90471063641135,75.19172233646118,72.82481323444662,74.76228332519531,5091900.0
2025-06-27,75.1018348896428,75.47135465440614,73.98330175424768,74.28290557861328,6817100.0
2025-06-30,73.90340405724754,74.48264878257697,73.47596134531868,73.97331237792969,2952400.0
2025-07-01,73.72362876378953,76.72470303719848,73.51390383005341,75.85084533691406,3298700.0
2025-07-02,75.68106978266742,76.06057857809043,75.26161991140104,76.0206298828125,2526100.0
2025-07-03,76.08055250765851,76.43009408262962,75.59119430269897,75.97069549560547,1800500.0
2025-07-07,75.51129834695516,76.39014684068533,74.28290065216062,74.51260375976562,3528300.0
2025-07-08,74.56254115955826,76.57990086292038,74.40274636908781,75.1018295288086,3522500.0
2025-07-09,75.75099052470979,76.01065327690772,74.78225545870305,75.41143798828125,2574300.0
2025-07-10,75.411440839784,77.21907585433203,75.03193196773627,76.400146484375,2738500.0
2025-07-11,75.57121737665385,75.76296807788879,74.84217459688908,75.03192138671875,1897900.0
2025-07-14,74.71234440462536,74.77726199516104,73.78355807439885,74.35281372070312,2236700.0
2025-07-15,74.6923718294678,74.83218846724711,73.56384964755338,74.29289245605469,4637500.0
2025-07-16,74.34282544576399,76.1105114634888,74.10313326549621,75.35150146484375,6398500.0
2025-07-17,75.19171561179478,76.48003253037356,74.71233886231443,76.14047241210938,3968000.0
2025-07-18,76.73969605427851,76.7546834844571,75.35151104958122,75.86084747314453,3383600.0
2025-07-21,75.62115539336348,75.8009207239117,73.99827668848812,74.06319427490234,3902800.0
2025-07-22,74.06319182668989,76.67976668331158,74.01325405118583,76.39014434814453,4674300.0
2025-07-23,77.4987038987211,77.69844740188401,76.59987718307694,77.14916229248047,2337000.0
2025-07-24,76.89948766680543,77.75337494085208,76.21538427318372,76.66978454589844,2392500.0
2025-07-25,76.69476838357033,77.76385874940163,75.90543884275496,77.5440444946289,3132700.0
2025-07-28,77.3042466456144,78.70305069930772,76.91557731435739,77.6739273071289,3950900.0
2025-07-29,78.14352733069816,78.63310873854478,77.37418511836778,77.65394592285156,4524000.0
2025-07-30,73.28766267939318,73.86217859488859,70.26023891558181,71.57911682128906,12910000.0
2025-07-31,72.27851389358489,72.94795024768548,71.0495635510008,71.25938415527344,6427700.0
2025-08-01,70.3301838216363,70.83975257148047,69.03128547824093,69.79064178466797,5128400.0
2025-08-04,70.35017103046144,70.91468572424121,69.85059591775399,70.57997131347656,3251600.0
2025-08-05,70.92966576797495,71.47920138998485,70.45007797323045,70.67987823486328,3726200.0
2025-08-06,70.87971370883933,70.96963356287092,69.52086890212841,69.90054321289062,5171000.0
2025-08-07,70.78978613358966,71.46920853600159,69.95050367215114,71.0395736694336,4233700.0
2025-08-08,71.13948907051882,72.0237391055788,70.94965572175634,71.93881225585938,3025100.0
2025-08-11,71.97878210538639,73.27767280576279,71.8588813358347,72.9379653930664,4130000.0
2025-08-12,73.16777368030033,74.54659823429321,72.98692773511638,74.34677124023438,2338000.0
2025-08-13,74.3467672614082,75.37589070926677,74.2518467762912,75.26598358154297,3067900.0
2025-08-14,74.85632819368996,75.0561627995325,73.18774925518635,73.59740447998047,3122600.0
2025-08-15,73.94710580634691,74.45666690172744,72.99790857636026,73.3376235961914,2926900.0
2025-08-18,73.29765958162363,73.71730083784132,72.64821042438514,73.10781860351562,2292500.0
2025-08-19,72.85802434292397,73.982068219007,72.63821009860206,73.90713500976562,2949900.0
2025-08-20,73.98707542946623,74.3267828387917,73.55744053814156,73.8072280883789,2156900.0
2025-08-21,73.43753825778842,74.00106194770274,72.9079898818538,73.08783721923828,2575900.0
2025-08-22,73.787236092004,75.49078890506759,73.6323690404365,75.15607452392578,3666500.0
2025-08-25,74.90628562251901,75.04616602931148,73.93511158512528,74.52660369873047,2022000.0
2025-08-26,74.5166200067559,74.84533516150037,73.69731718877945,74.02703094482422,1845900.0
2025-08-27,73.70730272589728,74.41670603588572,73.65734979247274,74.19689178466797,2113000.0
2025-08-28,74.36175130233094,74.43668451274333,73.15777356896858,73.6573486328125,2511900.0
2025-08-29,73.61738258350903,74.08698436874121,73.13778716246685,73.66734313964844,1983000.0
2025-09-02,72.90799259504001,73.24770001001313,71.079545867406,71.53915405273438,4045600.0
2025-09-03,71.85388030812065,72.59824987636976,71.56911887081444,72.3184814453125,3882900.0
2025-09-04,72.41840877156834,74.0769941149536,71.49918480784574,74.05701446533203,2217100.0
2025-09-05,74.18690373634796,75.68562906435498,74.14693681285176,75.6656494140625,3010700.0
2025-09-08,76.07528707767594,78.36334169355985,74.9262629520874,78.09357452392578,6251200.0
2025-09-09,77.87376987433026,78.82295952548975,77.34422148223636,78.64311218261719,3997900.0
2025-09-10,78.64310456918821,79.62227503512571,75.585707659252,75.9254150390625,4250400.0
2025-09-11,75.8754654567805,78.3333739313244,75.57571736014143,77.89374542236328,4358000.0
2025-09-12,77.40416155811376,77.56902224381751,76.3150839557737,76.37503814697266,3254100.0
2025-09-15,76.51491886130701,78.1735041148498,76.43498502132866,77.69391632080078,3196700.0
2025-09-16,78.2534442001522,78.43329154300166,77.24430035289082,77.4141616821289,3384400.0
2025-09-17,77.43413611067332,78.6131335847587,76.04531802123087,76.56487274169922,2925300.0
2025-09-18,76.92456770691835,76.98452189933616,73.68732336405161,73.9371109008789,3841300.0
2025-09-19,74.39672183728345,75.47580586624751,74.32678162927158,74.84634399414062,6294100.0
2025-09-22,74.54659897316087,75.00620716238056,73.71230944918379,74.70645904541016,3155900.0
2025-09-23,74.56657912227618,75.3758959943442,74.4067190489578,74.53660583496094,3143100.0
2025-09-24,74.64650483818315,74.9762262085526,73.60738779462852,73.91712951660156,2320500.0
2025-09-25,72.83805131048967,72.83805131048967,69.7257005631064,71.43923950195312,5017100.0
2025-09-26,72.16862196510776,72.92797062508726,71.65905323105784,72.39842224121094,2679100.0
2025-09-29,72.93795795680441,73.58240642302712,72.37843633509723,73.02787780761719,2914600.0
2025-09-30,72.73813769975187,75.20603229358007,72.64821021772612,75.03617858886719,4089700.0
2025-10-01,74.89629565741869,76.43498783045426,74.14693303162993,75.44583129882812,3579400.0
2025-10-02,75.03617547141276,76.7846882509466,74.5465940275583,76.75471496582031,2517100.0
2025-10-03,77.09443027848968,77.88375219953242,76.36504730501768,76.49493408203125,2696300.0
2025-10-06,76.59484977907906,76.63480907463318,75.81550630338904,76.34506225585938,1677100.0
2025-10-07,75.06614460498058,75.42583925242451,74.13693470290215,74.42668914794922,2808300.0
2025-10-08,74.36674480569475,75.11610740646842,73.74726897814071,75.06614685058594,2477900.0
2025-10-09,74.8163564865383,75.22201728013877,73.7272865402794,74.15692138671875,1825200.0
2025-10-10,73.94810264887799,74.47665240249191,69.97048313352208,70.94965362548828,7015400.0
2025-10-13,71.95879326179825,72.76811009851382,71.63906550621647,71.77894592285156,2693700.0
2025-10-14,71.10951482291614,73.03787493026563,70.91968147672225,72.27851867675781,2783600.0
2025-10-15,72.82805449685988,73.8771652132217,72.19859264078923,73.15777587890625,3432900.0
2025-10-16,73.82720328870681,74.17191130692436,72.69316574456329,73.31763458251953,1766900.0
2025-10-17,72.93795751895603,74.13693459339117,72.58825650748831,73.98706817626953,2049500.0
2025-10-20,74.2868108785406,75.84848607375645,73.9970564251645,75.41585540771484,2050900.0
2025-10-21,75.18605554680553,76.48495390774214,75.11611533493426,76.03533172607422,1644400.0
2025-10-22,75.9553937281517,77.0744446798727,75.63566597379014,76.0752944946289,2547300.0
2025-10-23,76.25513997630071,77.3342239795901,75.8155114661656,77.19434356689453,2235200.0
2025-10-24,77.54920302861333,78.29890528304378,77.10937526557711,78.10897827148438,2600300.0
2025-10-27,78.58879051306454,79.11857888222295,78.2489215277541,78.31889343261719,4093600.0
2025-10-28,78.0889862939613,79.71833637980625,77.64915854935992,79.36847686767578,5877000.0
2025-10-29,76.7095284024585,78.35387952929224,73.70072900786815,77.34927368164062,8765300.0
2025-10-30,77.34927478746744,77.34927478746744,73.92063630797435,74.97022247314453,3474800.0
2025-10-31,74.61036781789745,75.16015252218709,73.49080970478298,74.92024230957031,3275700.0
2025-11-03,74.8002950103233,75.83988305507685,73.60876688109168,74.44043731689453,4442900.0
2025-11-04,74.38045711467608,75.46002247480503,73.87065748888193,74.27050018310547,2489700.0
2025-11-05,74.18053330086921,76.77949942094972,73.28088912912764,75.5799789428711,3732000.0
2025-11-06,75.43003742210746,76.32968159916351,73.9906067388178,74.14054870605469,2554200.0
2025-11-07,73.57078080878883,74.11056735520806,72.66614129514423,73.02100372314453,4401300.0
2025-11-10,73.4408303873052,73.97061873369292,72.1813285275384,73.4508285522461,4400700.0
2025-11-11,73.47081998371232,74.36046603735142,72.79108964343423,73.380859375,3672900.0
2025-11-12,73.67073526174191,75.47002364420283,73.2609020129602,74.95023345947266,3034600.0
2025-11-13,74.31048391303406,75.55998767234415,73.89065248023365,73.94063568115234,2708200.0
2025-11-14,73.68073162559556,73.99560899142027,72.4712129860949,73.12095642089844,4407300.0
2025-11-17,72.5411837072423,72.97101326853623,70.2620902664708,70.6019515991211,4806100.0
2025-11-18,70.45201951719866,71.48160933906941,70.00719650795261,70.9917984008789,3371500.0
2025-11-19,71.21171327669153,72.3112750157823,70.86185376330337,72.28128814697266,4218900.0
2025-11-20,73.10096210601544,75.32008190917313,73.01100149979492,74.72032165527344,8322400.0
2025-11-21,74.86026895851508,77.06439543030122,73.32087940487233,76.41964721679688,8388600.0
2025-11-24,76.47461927865213,78.98862003303832,76.47461927865213,78.20893096923828,7118800.0
2025-11-25,78.20893483213558,81.90747042507932,78.1189742248069,79.92825317382812,5949700.0
2025-11-26,80.03820909406076,81.2377296013882,79.67335614725653,80.59798431396484,3091600.0
2025-11-28,80.6179782925786,80.65796332517195,79.59837902736088,79.95823669433594,1353300.0
2025-12-01,79.31849117341353,80.25812037045738,78.96863167229034,79.20853424072266,2540800.0
2025-12-02,79.68834703207843,80.69794812970325,79.318491201409,80.18814849853516,2367800.0
2025-12-03,80.17815318382642,84.07660628603583,80.06819624718823,83.55680847167969,5253900.0
2025-12-04,82.8970769127032,83.66676786540918,81.51762752122926,82.48723602294922,3321100.0
2025-12-05,82.87708810169879,85.52602994137054,82.50723224749667,85.42607116699219,4439300.0
2025-12-08,85.36609487476198,85.85589819302427,82.44125409297918,83.0570068359375,4234100.0
2025-12-09,83.1069891007291,83.60679057842238,82.65717082135127,82.99703216552734,2749300.0
2025-12-10,82.64217693751438,84.83630510759609,82.4772415356091,84.43646240234375,2562000.0
2025-12-11,84.43646410004571,86.15578242874415,84.101598020244,86.01583862304688,3478800.0
2025-12-12,85.9658572777982,85.9658572777982,83.52682353785158,83.92666625976562,2386900.0
2025-12-15,84.77632343003235,85.02622416659192,83.5768029450925,84.41646575927734,3566100.0
2025-12-16,84.41646972591889,84.46645292612557,81.7075465294875,82.21734619140625,3207400.0
2025-12-17,82.16736119915451,83.52682185037803,82.07740059238326,82.3472900390625,3100800.0
2025-12-18,82.77712180747542,83.44686161204008,82.2073484037834,82.48723602294922,2095100.0
2025-12-19,82.96204784479507,83.60678837845342,82.26732411413649,82.85708618164062,6437600.0
2025-12-22,83.36689071745532,84.1465798278112,83.01703119695789,83.90667724609375,2237700.0
2025-12-23,83.7767219570245,83.97664712560703,83.13198140096362,83.28691864013672,2117000.0
2025-12-24,83.39687284979209,83.80171081668405,83.06700205218934,83.35688781738281,807000.0
2025-12-26,83.51683137685175,83.95165622931658,83.23693613849215,83.5768051147461,1462500.0
2025-12-29,83.53682055612279,84.03662204506128,82.88707709522967,83.11698913574219,1383400.0
2025-12-30,82.96704995225335,83.55681206836681,82.8670911763792,83.29692077636719,1510500.0
2025-12-31,83.03702058369267,83.13697935803282,81.9074719435543,81.98743438720703,1578100.0
2026-01-02,82.54721442890666,83.53681922586382,82.16736042248839,82.78711700439453,3433500.0
2026-01-05,82.75713407330704,85.44606860935231,82.197358828413,85.00624084472656,2857900.0
2026-01-06,84.76633779648604,87.20036867098254,84.44646514023523,86.69557189941406,2512500.0
2026-01-07,86.29572553166928,87.20536026129372,85.3460981420394,85.7259521484375,2450100.0
2026-01-08,84.9962378761345,89.73435373812623,84.55641013636331,88.125,4219600.0
2026-01-09,87.5999984741211,88.51499938964844,85.40499877929688,87.27999877929688,2991300.0
2026-01-12,86.56999969482422,87.12000274658203,85.33999633789062,86.9000015258789,1965900.0
2026-01-13,87.12000274658203,87.5999984741211,84.47000122070312,84.7699966430664,2709000.0
2026-01-14,84.16000366210938,85.41000366210938,83.55999755859375,85.30000305175781,3776200.0
2026-01-15,84.20999908447266,84.27999877929688,82.43000030517578,82.51000213623047,5188400.0
2026-01-16,82.69000244140625,82.69999694824219,81.1500015258789,81.75,6127100.0
2026-01-20,79.63999938964844,80.0,78.30999755859375,78.83000183105469,5702600.0
2026-01-21,79.44999694824219,81.31999969482422,79.16999816894531,81.0999984741211,4418900.0
2026-01-22,81.47000122070312,83.20999908447266,81.21499633789062,81.88999938964844,5526300.0
2026-01-23,81.26000213623047,81.80999755859375,79.58000183105469,79.7699966430664,2340500.0
2026-01-26,79.7699966430664,81.02999877929688,79.5199966430664,80.2699966430664,2915000.0
2026-01-27,80.55999755859375,80.94999694824219,79.80999755859375,80.31999969482422,1969000.0
2026-01-28,80.0,80.2300033569336,79.12999725341797,79.26000213623047,1985700.0
2026-01-29,79.58999633789062,79.75,77.66999816894531,78.77999877929688,3697100.0
2026-01-30,78.66000366210938,79.11100006103516,78.0,78.97000122070312,2724200.0
2026-02-02,78.44999694824219,80.2300033569336,78.30000305175781,80.11000061035156,3353200.0
2026-02-03,79.62000274658203,80.83999633789062,78.2300033569336,78.77999877929688,4574200.0
2026-02-04,79.70999908447266,85.54000091552734,79.06500244140625,82.62999725341797,7006500.0
2026-02-05,82.31999969482422,83.9800033569336,81.79000091552734,82.30999755859375,3997700.0
2026-02-06,82.4800033569336,83.5,80.45999908447266,80.6500015258789,3468900.0
2026-02-09,80.00199890136719,80.5,78.58999633789062,79.08000183105469,3171000.0
2026-02-10,79.41000366210938,80.58799743652344,79.12999725341797,79.22000122070312,3867500.0
2026-02-11,78.93000030517578,79.49500274658203,78.30000305175781,79.19999694824219,3500200.0
2026-02-12,79.61000061035156,79.82990264892578,76.66000366210938,78.6500015258789,3808349.0
